{
  "AgDens": [
    0.8281891580161476,
    0.1253364090734333,
    0.12710495963091117,
    1.0
  ],
  "CARNum": [
    0.15884659746251442,
    0.4725720876585928,
    0.724967320261438,
    1.0
  ],
  "TCRNum": [
    0.16401384083044984,
    0.5736409073433294,
    0.29199538638985,
    1.0
  ],
  "AgDens_CARNum": [
    0.8883321799307958,
    0.5381176470588235,
    0.7668650519031143,
    1.0
  ],
  "AgDens_TCRNum": [
    0.8929826989619377,
    0.6290795847750865,
    0.3771903114186851,
    1.0
  ],
  "CARNum_TCRNum": [
    0.2905743944636679,
    0.9,
    0.9,
    1.0
  ]
}