{
  "N4": 10.0,
  "A2": 8.471975498987012,
  "Y3": 7.187995887487271,
  "Q4": 5.993141612421584,
  "Q7": 3.9383187914771165,
  "T4": 4.7134657042564445,
  "V4": 2.8942903781380993,
  "G4": 1.768297015471764,
  "E1": 0.5,
  "None": 0.001
}