{
  "HHAT-WT": 0.9881793656178677,
  "HHAT-p8F": 4.2049234098220065,
  "NYESO-4A5P8K": 0.6562906351634876,
  "NYESO-8K": 1.1406446333671851,
  "NYESO-8S": 1.2266894559626733,
  "NYESO-9C": 1.4167059505738988,
  "NYESO-9V": 5.223077170000427,
  "OT1-N4": 10.0,
  "None": 0.001
}